,term,cosine_sim_with_core, closest_terms_from_core
0,board_directors,0.25075328,"[('board_directors', 1.0), ('interlock', 0.36221104860305786), ('merger', 0.3564710021018982)]"
1,buffer,0.15780166,"[('buffer', 1.0), ('control', 0.2764893174171448), ('external', 0.27240270376205444)]"
2,coalition,0.22565727,"[('coalition', 0.9999999403953552), ('cooperation', 0.3528822660446167), ('board_directors', 0.32888901233673096)]"
3,constrain,0.23097573,"[('constrain', 1.0), ('influence', 0.42979997396469116), ('constraint', 0.39126765727996826)]"
4,constraint,0.23852195,"[('constraint', 0.9999998807907104), ('constrain', 0.39126765727996826), ('dependence', 0.3212340176105499)]"
5,control,0.30656508,"[('control', 1.0), ('influence', 0.539639949798584), ('external', 0.4377426505088806)]"
6,cooperate,0.23720215,"[('cooperate', 1.0), ('cooperation', 0.652873158454895), ('merge', 0.3475339114665985)]"
7,cooperation,0.31084168,"[('cooperation', 1.0000001192092896), ('cooperate', 0.652873158454895), ('interdependence', 0.5931037664413452)]"
8,dependence,0.27824056,"[('dependence', 0.9999998807907104), ('dependent', 0.5880993604660034), ('interdependence', 0.4406949281692505)]"
9,dependent,0.2298532,"[('dependent', 1.0000001192092896), ('dependence', 0.5880993604660034), ('interdependent', 0.4230368137359619)]"
10,director_interlocks,0.24511494,"[('director_interlocks', 0.9999998211860657), ('interlock', 0.4450061321258545), ('influence', 0.3708748519420624)]"
11,diversification,0.27168763,"[('diversification', 1.0), ('diversify', 0.5757710933685303), ('merger', 0.43169257044792175)]"
12,diversify,0.235395,"[('diversify', 1.0), ('diversification', 0.5757710933685303), ('merge', 0.308508038520813)]"
13,dominance,0.22950812,"[('dominance', 1.000000238418579), ('dependence', 0.4080445468425751), ('influence', 0.3296416699886322)]"
14,exchange,0.2736348,"[('exchange', 0.9999998807907104), ('cooperation', 0.46018028259277344), ('interdependence', 0.39049461483955383)]"
15,external,0.29022413,"[('external', 0.9999997615814209), ('resource_dependence', 0.47198960185050964), ('control', 0.4377426505088806)]"
16,horizontal,0.28259414,"[('horizontal', 1.0), ('vertical', 0.8164341449737549), ('interdependence', 0.4223831593990326)]"
17,influence,0.31972924,"[('influence', 1.0), ('control', 0.539639949798584), ('external', 0.431670606136322)]"
18,interdependence,0.32297975,"[('interdependence', 0.9999999403953552), ('interdependent', 0.6984868049621582), ('cooperation', 0.5931037664413452)]"
19,interdependent,0.27630714,"[('interdependent', 0.9999997019767761), ('interdependence', 0.6984868049621582), ('dependent', 0.4230368137359619)]"
20,interlock,0.2607502,"[('interlock', 0.9999997615814209), ('interlocking', 0.45881667733192444), ('director_interlocks', 0.4450061321258545)]"
21,interlocking,0.25447544,"[('interlocking', 1.0), ('interlock', 0.45881667733192444), ('resource_dependence', 0.4304240942001343)]"
22,joint_venture,0.25870734,"[('joint_venture', 1.0000001192092896), ('cooperation', 0.42291489243507385), ('merger', 0.3733293414115906)]"
23,merge,0.23450628,"[('merge', 1.0), ('merged', 0.5718948245048523), ('merger', 0.5048785209655762)]"
24,merged,0.19623412,"[('merged', 0.9999997615814209), ('merge', 0.5718948245048523), ('merger', 0.5354484915733337)]"
25,merger,0.2804655,"[('merger', 1.0), ('merged', 0.5354484915733337), ('merge', 0.5048785209655762)]"
26,resource_dependence,0.3081637,"[('resource_dependence', 0.9999998807907104), ('external', 0.47198960185050964), ('interlocking', 0.4304240942001343)]"
27,sanction,0.18761878,"[('sanction', 0.9999999403953552), ('cooperate', 0.329739511013031), ('cooperation', 0.29919883608818054)]"
28,vertical,0.28546602,"[('vertical', 1.0), ('horizontal', 0.8164341449737549), ('diversification', 0.3853456974029541)]"
0,network,0.31158796,"[('interdependence', 0.4494783878326416), ('exchange', 0.4312087893486023), ('interdependent', 0.407802939414978)]"
1,structure,0.30842087,"[('control', 0.48484012484550476), ('influence', 0.4635220170021057), ('diversification', 0.45399659872055054)]"
2,coordination,0.30580264,"[('interdependence', 0.5903087854385376), ('cooperation', 0.5740483403205872), ('vertical', 0.4778001606464386)]"
3,networks,0.30037302,"[('exchange', 0.44834908843040466), ('cooperation', 0.44235342741012573), ('interdependence', 0.4260066747665405)]"
4,power,0.29655206,"[('influence', 0.5655266642570496), ('control', 0.5450859069824219), ('dominance', 0.452447772026062)]"
5,relationships,0.29461843,"[('interdependence', 0.5157727599143982), ('influence', 0.5114716291427612), ('exchange', 0.48612773418426514)]"
6,firms,0.29309627,"[('diversification', 0.49052464962005615), ('joint_venture', 0.4399971067905426), ('diversify', 0.41585734486579895)]"
7,alliances,0.29202834,"[('joint_venture', 0.5889792442321777), ('cooperation', 0.49465686082839966), ('interdependence', 0.42702972888946533)]"
8,alliance,0.28973535,"[('joint_venture', 0.5910292863845825), ('coalition', 0.48434770107269287), ('cooperation', 0.462361216545105)]"
9,corporations,0.28972396,"[('diversification', 0.4261988699436188), ('director_interlocks', 0.4234059453010559), ('board_directors', 0.42240428924560547)]"
10,other,0.28837067,"[('external', 0.4670225977897644), ('influence', 0.462770938873291), ('control', 0.44655847549438477)]"
11,strategic,0.28600258,"[('diversification', 0.47852659225463867), ('influence', 0.4465412497520447), ('external', 0.42755845189094543)]"
12,linkages,0.285138,"[('interdependence', 0.47548365592956543), ('influence', 0.4365663528442383), ('external', 0.4085540771484375)]"
13,competition,0.28341234,"[('cooperation', 0.4824402332305908), ('interdependence', 0.44862061738967896), ('diversification', 0.3888506293296814)]"
14,firm,0.28340825,"[('diversification', 0.48996180295944214), ('joint_venture', 0.4394773542881012), ('control', 0.4339299201965332)]"
15,ties,0.2822939,"[('director_interlocks', 0.45989441871643066), ('interlock', 0.429302453994751), ('cooperation', 0.40409055352211)]"
16,also,0.2820484,"[('control', 0.5045877695083618), ('influence', 0.4632052779197693), ('external', 0.4201398193836212)]"
17,governance,0.28119186,"[('board_directors', 0.45364537835121155), ('cooperation', 0.40634089708328247), ('control', 0.403366357088089)]"
18,corporate,0.28050262,"[('diversification', 0.5049211978912354), ('board_directors', 0.45830950140953064), ('control', 0.44935858249664307)]"
19,collaboration,0.27982143,"[('cooperation', 0.6808446645736694), ('interdependence', 0.4895871877670288), ('cooperate', 0.43181076645851135)]"
20,within,0.27962407,"[('influence', 0.4098336100578308), ('interdependent', 0.39993950724601746), ('horizontal', 0.39901840686798096)]"
21,partners,0.27940866,"[('joint_venture', 0.5484623908996582), ('cooperation', 0.45079147815704346), ('exchange', 0.4424034357070923)]"
22,thus,0.27903247,"[('influence', 0.4613911211490631), ('control', 0.4551433324813843), ('external', 0.41518503427505493)]"
23,internal,0.27837664,"[('external', 0.8118715286254883), ('control', 0.48547983169555664), ('vertical', 0.37069812417030334)]"
24,multinational,0.2783213,"[('joint_venture', 0.5365514755249023), ('diversification', 0.4518832266330719), ('cooperation', 0.37576720118522644)]"
25,institutional,0.27779955,"[('external', 0.4869169592857361), ('resource_dependence', 0.46033793687820435), ('influence', 0.4231782853603363)]"
26,which,0.27705148,"[('control', 0.48002901673316956), ('influence', 0.43013617396354675), ('external', 0.39535069465637207)]"
27,organizations,0.27693883,"[('resource_dependence', 0.4494706690311432), ('influence', 0.44069862365722656), ('external', 0.43900012969970703)]"
28,economic,0.27646574,"[('cooperation', 0.4611034095287323), ('exchange', 0.4420512020587921), ('diversification', 0.4208700358867645)]"
29,acquisition,0.27639684,"[('merger', 0.5651440620422363), ('joint_venture', 0.4974963665008545), ('diversification', 0.48253926634788513)]"
30,form,0.27509716,"[('control', 0.41440367698669434), ('exchange', 0.3889210820198059), ('horizontal', 0.3795880079269409)]"
31,organization,0.27467895,"[('external', 0.4532415270805359), ('influence', 0.4454493224620819), ('control', 0.42332008481025696)]"
32,structures,0.27412584,"[('constrain', 0.4124327301979065), ('interdependent', 0.39585912227630615), ('influence', 0.3871951401233673)]"
33,integration,0.27373126,"[('interdependence', 0.5071971416473389), ('cooperation', 0.45402735471725464), ('vertical', 0.41413503885269165)]"
34,relations,0.27267945,"[('cooperation', 0.47891101241111755), ('exchange', 0.47558966279029846), ('interdependence', 0.44834572076797485)]"
35,industry,0.27259704,"[('diversification', 0.5278027653694153), ('merger', 0.3750196099281311), ('influence', 0.3737507462501526)]"
36,ownership,0.27244216,"[('diversification', 0.4873719811439514), ('board_directors', 0.4806051254272461), ('control', 0.46345749497413635)]"
37,cooperative,0.27224994,"[('cooperation', 0.7019381523132324), ('cooperate', 0.5527472496032715), ('interdependence', 0.48217064142227173)]"
38,relationship,0.271737,"[('influence', 0.5058392286300659), ('exchange', 0.47131434082984924), ('interdependence', 0.46531936526298523)]"
39,governance_structures,0.27168354,"[('resource_dependence', 0.4231422245502472), ('vertical', 0.38184642791748047), ('cooperation', 0.38047727942466736)]"
40,strategy,0.2716615,"[('diversification', 0.5497244000434875), ('control', 0.41417616605758667), ('influence', 0.40719056129455566)]"
41,markets,0.26970235,"[('diversification', 0.49687066674232483), ('diversify', 0.4400278329849243), ('exchange', 0.41108793020248413)]"
42,transactions,0.26878458,"[('exchange', 0.5587878227233887), ('vertical', 0.4194279909133911), ('resource_dependence', 0.38725945353507996)]"
43,formation,0.26832324,"[('joint_venture', 0.41233301162719727), ('cooperation', 0.4053856134414673), ('influence', 0.4012354016304016)]"
44,incentives,0.26827937,"[('cooperation', 0.45610156655311584), ('control', 0.3969246745109558), ('influence', 0.3725827932357788)]"
45,market,0.26785204,"[('diversification', 0.4919864237308502), ('exchange', 0.4107186794281006), ('control', 0.40833747386932373)]"
46,strategic_alliances,0.26782957,"[('joint_venture', 0.5980998277664185), ('cooperation', 0.5074576139450073), ('interdependence', 0.41494956612586975)]"
47,resources,0.26766863,"[('external', 0.4366752505302429), ('control', 0.3920043110847473), ('influence', 0.3877471685409546)]"
48,vertical_integration,0.2672316,"[('diversification', 0.5627833604812622), ('vertical', 0.5179487466812134), ('interdependence', 0.4187288284301758)]"
49,business,0.2670896,"[('diversification', 0.46253079175949097), ('joint_venture', 0.4357467591762543), ('influence', 0.3828744888305664)]"
50,mergers,0.26666617,"[('merger', 0.7933533191680908), ('diversification', 0.5097752809524536), ('resource_dependence', 0.460732638835907)]"
51,resource,0.26585877,"[('resource_dependence', 0.42281460762023926), ('constraint', 0.3884456157684326), ('diversification', 0.38818106055259705)]"
52,diversified,0.2657406,"[('diversification', 0.6230073571205139), ('diversify', 0.6180489659309387), ('merger', 0.3752477169036865)]"
53,influences,0.26558676,"[('influence', 0.7464354038238525), ('constrain', 0.41827666759490967), ('external', 0.39280638098716736)]"
54,financial,0.26556647,"[('diversification', 0.4514622092247009), ('external', 0.41401827335357666), ('control', 0.4048829674720764)]"
55,structural,0.26509798,"[('influence', 0.43295127153396606), ('interdependence', 0.4214414358139038), ('constraint', 0.39164674282073975)]"
56,both,0.26486707,"[('control', 0.4551713168621063), ('influence', 0.42545872926712036), ('external', 0.38358786702156067)]"
57,coordinate,0.2645497,"[('interdependent', 0.4651453495025635), ('interdependence', 0.42928463220596313), ('cooperate', 0.42073526978492737)]"
58,therefore,0.26438823,"[('influence', 0.4339873790740967), ('control', 0.40577197074890137), ('constraint', 0.3892187476158142)]"
59,local,0.264008,"[('external', 0.4017742872238159), ('exchange', 0.38660603761672974), ('control', 0.3657757043838501)]"
60,through,0.26388848,"[('influence', 0.4727632403373718), ('control', 0.4496651589870453), ('external', 0.40594643354415894)]"
61,interlocking_directorates,0.26382712,"[('director_interlocks', 0.5371319055557251), ('interlock', 0.5290895700454712), ('resource_dependence', 0.49271535873413086)]"
62,among,0.2632764,"[('interdependence', 0.44335120916366577), ('influence', 0.44248777627944946), ('cooperation', 0.4022960662841797)]"
63,manage,0.2631961,"[('diversify', 0.4349097013473511), ('control', 0.42702093720436096), ('influence', 0.3910069465637207)]"
64,managerial,0.26306817,"[('control', 0.5155255794525146), ('influence', 0.47406068444252014), ('diversification', 0.42429119348526)]"
65,buyers_suppliers,0.26296893,"[('vertical', 0.4042859673500061), ('interdependence', 0.3919503390789032), ('resource_dependence', 0.38772153854370117)]"
66,context,0.26283118,"[('influence', 0.533461332321167), ('external', 0.4118081331253052), ('interdependent', 0.38551533222198486)]"
67,political,0.26206994,"[('influence', 0.47380530834198), ('control', 0.3967863619327545), ('external', 0.392974317073822)]"
68,effects,0.26120365,"[('influence', 0.6481847167015076), ('control', 0.5090200901031494), ('interdependence', 0.3816505968570709)]"
69,perspective,0.26090324,"[('resource_dependence', 0.48625659942626953), ('influence', 0.4266648292541504), ('external', 0.4034794569015503)]"
70,agency,0.26008657,"[('control', 0.4336218237876892), ('board_directors', 0.4290101230144501), ('external', 0.39599230885505676)]"
71,corporation,0.26007092,"[('board_directors', 0.46683722734451294), ('control', 0.38206279277801514), ('diversification', 0.37329578399658203)]"
72,interlocks,0.25998133,"[('interlock', 0.6737971305847168), ('director_interlocks', 0.5845274925231934), ('interlocking', 0.4844943881034851)]"
73,acquisitions,0.25990903,"[('merger', 0.6002286672592163), ('diversification', 0.5382306575775146), ('joint_venture', 0.4700867533683777)]"
74,joint_ventures,0.25962538,"[('joint_venture', 0.8551133871078491), ('cooperation', 0.4650686979293823), ('diversification', 0.39759448170661926)]"
75,complementary,0.25927168,"[('interdependent', 0.46430736780166626), ('interdependence', 0.40988853573799133), ('cooperation', 0.3243529796600342)]"
76,foreign,0.25915164,"[('joint_venture', 0.5881401896476746), ('exchange', 0.4255073666572571), ('diversification', 0.38548344373703003)]"
77,large,0.2589894,"[('control', 0.37974774837493896), ('merger', 0.35299205780029297), ('influence', 0.3403979241847992)]"
78,independent,0.25898722,"[('dependent', 0.5417349338531494), ('interdependent', 0.4582845866680145), ('influence', 0.38553187251091003)]"
79,international,0.2586885,"[('joint_venture', 0.4983604848384857), ('diversification', 0.42927029728889465), ('cooperation', 0.4199540913105011)]"
80,mechanisms,0.25866786,"[('control', 0.4523327350616455), ('influence', 0.42613691091537476), ('external', 0.41721856594085693)]"
81,resource_dependencies,0.2579134,"[('resource_dependence', 0.5642200708389282), ('external', 0.40756773948669434), ('director_interlocks', 0.38066819310188293)]"
82,effect,0.25777408,"[('influence', 0.6545208692550659), ('control', 0.4714072346687317), ('constraint', 0.3383943438529968)]"
83,institutions,0.2576749,"[('external', 0.39139503240585327), ('influence', 0.3549916744232178), ('resource_dependence', 0.33997565507888794)]"
84,operate,0.2573616,"[('constrain', 0.43862929940223694), ('influence', 0.4006134271621704), ('diversify', 0.3735157251358032)]"
85,strategies,0.25697786,"[('diversification', 0.45991361141204834), ('influence', 0.4331534206867218), ('cooperation', 0.39948365092277527)]"
86,competing,0.25694546,"[('interdependent', 0.36670970916748047), ('interdependence', 0.34208643436431885), ('resource_dependence', 0.3111382722854614)]"
87,profitability,0.25676593,"[('diversification', 0.5493667721748352), ('merger', 0.3979009687900543), ('influence', 0.37143009901046753)]"
88,board_interlocks,0.25579762,"[('director_interlocks', 0.54166179895401), ('interlock', 0.5346825122833252), ('resource_dependence', 0.4641883969306946)]"
89,organizational,0.25522673,"[('influence', 0.4996486306190491), ('external', 0.425407350063324), ('control', 0.41850045323371887)]"
90,dynamics,0.25498477,"[('interdependence', 0.45352596044540405), ('influence', 0.41880732774734497), ('interdependent', 0.4034796953201294)]"
91,industrial,0.25497693,"[('control', 0.4004625380039215), ('cooperation', 0.39264991879463196), ('diversification', 0.3893333077430725)]"
92,processes,0.25439963,"[('influence', 0.5083702802658081), ('control', 0.44565144181251526), ('interdependent', 0.4325959086418152)]"
93,suppliers_customers,0.25431636,"[('external', 0.4514075517654419), ('horizontal', 0.3958814740180969), ('vertical', 0.3832545876502991)]"
94,particular,0.25428808,"[('influence', 0.47668367624282837), ('external', 0.3917033076286316), ('control', 0.3760918378829956)]"
95,investment,0.2542816,"[('diversification', 0.4524924159049988), ('joint_venture', 0.41468125581741333), ('diversify', 0.3827536702156067)]"
96,alliance_formation,0.25414625,"[('joint_venture', 0.4354926347732544), ('cooperation', 0.4205753207206726), ('director_interlocks', 0.3973228931427002)]"
97,bargaining_power,0.254077,"[('joint_venture', 0.4364606738090515), ('influence', 0.3814544081687927), ('dependence', 0.3634246289730072)]"
98,link,0.25393063,"[('influence', 0.39114776253700256), ('interlocking', 0.3315923810005188), ('dependence', 0.3230007290840149)]"
99,competitive,0.2537751,"[('external', 0.38317084312438965), ('cooperation', 0.37623661756515503), ('influence', 0.35483622550964355)]"
100,operating,0.25360194,"[('control', 0.4104579985141754), ('external', 0.34913432598114014), ('diversification', 0.34754371643066406)]"
101,activities,0.25359786,"[('interdependent', 0.4069361090660095), ('external', 0.36289650201797485), ('diversify', 0.35952335596084595)]"
102,partner,0.2530124,"[('joint_venture', 0.5996952652931213), ('cooperation', 0.3965514302253723), ('exchange', 0.3649600148200989)]"
103,inter,0.25297648,"[('cooperation', 0.4961436986923218), ('interdependence', 0.41620752215385437), ('vertical', 0.36184072494506836)]"
104,social,0.25297475,"[('influence', 0.45299750566482544), ('external', 0.42595526576042175), ('exchange', 0.4136272072792053)]"
105,joint,0.2527564,"[('interdependence', 0.4423065483570099), ('cooperation', 0.4347769320011139), ('interdependent', 0.4074060618877411)]"
106,performance,0.2527317,"[('control', 0.4780622720718384), ('diversification', 0.47279834747314453), ('influence', 0.4540969729423523)]"
107,individual,0.2526701,"[('influence', 0.5176377892494202), ('interdependent', 0.4398939609527588), ('control', 0.43216413259506226)]"
108,between,0.2521602,"[('control', 0.3976648449897766), ('interdependence', 0.39425164461135864), ('influence', 0.37960898876190186)]"
109,consequently,0.2521297,"[('external', 0.36684900522232056), ('constrain', 0.36294621229171753), ('dependent', 0.3547285795211792)]"
110,size,0.2521112,"[('diversification', 0.42166513204574585), ('control', 0.4035550355911255), ('influence', 0.40232053399086)]"
111,mutual,0.2516385,"[('cooperation', 0.5035460591316223), ('interdependence', 0.46948501467704773), ('exchange', 0.40316951274871826)]"
112,sharing,0.251514,"[('cooperation', 0.46924471855163574), ('interdependence', 0.4160233736038208), ('exchange', 0.3906581997871399)]"
113,its,0.25137222,"[('external', 0.3959800899028778), ('control', 0.3833000659942627), ('influence', 0.38032492995262146)]"
114,however,0.25136963,"[('control', 0.44204020500183105), ('influence', 0.4262170195579529), ('external', 0.37642160058021545)]"
115,governance_mechanisms,0.25129613,"[('cooperation', 0.4088706374168396), ('board_directors', 0.3939608335494995), ('director_interlocks', 0.35251373052597046)]"
116,example,0.25126812,"[('influence', 0.42782923579216003), ('control', 0.41280871629714966), ('exchange', 0.32271093130111694)]"
117,transaction_costs,0.25116956,"[('exchange', 0.4591638445854187), ('joint_venture', 0.42744046449661255), ('cooperation', 0.4058902859687805)]"
118,members,0.251168,"[('board_directors', 0.4516722559928894), ('influence', 0.4043060541152954), ('cooperation', 0.3841358423233032)]"
119,capital,0.25089717,"[('exchange', 0.4137873947620392), ('diversification', 0.3702077269554138), ('control', 0.3654528856277466)]"
120,established,0.25079587,"[('external', 0.3599117398262024), ('influence', 0.33290600776672363), ('cooperation', 0.3265875577926636)]"
121,synergies,0.2507776,"[('merger', 0.4668099284172058), ('diversification', 0.44331738352775574), ('diversify', 0.36447444558143616)]"
122,hierarchy,0.25067943,"[('vertical', 0.5588551163673401), ('horizontal', 0.4561639428138733), ('dominance', 0.36964380741119385)]"
123,embedded,0.25054643,"[('interdependent', 0.46424707770347595), ('constrain', 0.4278244376182556), ('interlocking', 0.3938000202178955)]"
124,board,0.25021997,"[('board_directors', 0.76740562915802), ('interlock', 0.40823638439178467), ('director_interlocks', 0.38349649310112)]"
125,operations,0.25021788,"[('diversification', 0.43220922350883484), ('joint_venture', 0.4295889735221863), ('control', 0.3974502682685852)]"
126,outside,0.25017324,"[('external', 0.5757578611373901), ('influence', 0.37742796540260315), ('board_directors', 0.36256974935531616)]"
127,multinational_corporations,0.2501456,"[('diversification', 0.41600239276885986), ('joint_venture', 0.4079141616821289), ('interdependence', 0.36606907844543457)]"
128,dependencies,0.25005645,"[('interdependence', 0.5179963111877441), ('dependence', 0.4873172640800476), ('interdependent', 0.42415258288383484)]"
129,scope,0.24968871,"[('diversification', 0.41524139046669006), ('influence', 0.3749998211860657), ('interdependence', 0.36562103033065796)]"
130,finance,0.2494435,"[('diversification', 0.40917015075683594), ('board_directors', 0.3889921307563782), ('merger', 0.37544819712638855)]"
131,contingency,0.24942759,"[('resource_dependence', 0.4835290312767029), ('interdependence', 0.42352306842803955), ('diversification', 0.4112282395362854)]"
132,capabilities,0.24930859,"[('external', 0.4183967709541321), ('diversification', 0.3644660413265228), ('interdependence', 0.35490915179252625)]"
133,technology,0.24920918,"[('control', 0.41138893365859985), ('joint_venture', 0.38663187623023987), ('external', 0.38297027349472046)]"
134,coalitions,0.24904518,"[('coalition', 0.7538400888442993), ('cooperation', 0.4271976351737976), ('cooperate', 0.36286118626594543)]"
135,flows,0.24892443,"[('vertical', 0.4325990378856659), ('exchange', 0.40461045503616333), ('horizontal', 0.39906418323516846)]"
136,new,0.24891879,"[('control', 0.4456450939178467), ('influence', 0.38548481464385986), ('external', 0.37409114837646484)]"
137,boards_directors,0.24881771,"[('board_directors', 0.693463146686554), ('resource_dependence', 0.4683253765106201), ('director_interlocks', 0.40847456455230713)]"
138,choice,0.24880841,"[('influence', 0.43487340211868286), ('control', 0.3857303261756897), ('constraint', 0.3851637840270996)]"
139,interaction,0.24873878,"[('interdependence', 0.49453213810920715), ('influence', 0.48168665170669556), ('cooperation', 0.4229709506034851)]"
140,equity_ownership,0.24853139,"[('joint_venture', 0.4921674132347107), ('board_directors', 0.4919103980064392), ('diversification', 0.46148401498794556)]"
141,vertically_integrated,0.24845096,"[('vertical', 0.49230778217315674), ('horizontal', 0.4248111844062805), ('diversification', 0.3777075409889221)]"
142,innovation,0.24831219,"[('diversification', 0.46737200021743774), ('cooperation', 0.43802329897880554), ('influence', 0.3964312672615051)]"
143,managing,0.24759792,"[('control', 0.44410210847854614), ('interdependent', 0.39691051840782166), ('interdependence', 0.38801127672195435)]"
144,organizational_form,0.2475957,"[('diversification', 0.3743123412132263), ('resource_dependence', 0.364560604095459), ('vertical', 0.33980855345726013)]"
145,opportunistic_behavior,0.24750881,"[('cooperation', 0.47182539105415344), ('exchange', 0.4234481751918793), ('interdependence', 0.37177586555480957)]"
146,groups,0.24746513,"[('influence', 0.40458258986473083), ('interdependence', 0.3961526155471802), ('control', 0.359829843044281)]"
147,transaction_cost,0.24742591,"[('resource_dependence', 0.48845797777175903), ('joint_venture', 0.42000260949134827), ('exchange', 0.41142481565475464)]"
148,because,0.2473333,"[('control', 0.4431080222129822), ('influence', 0.37037044763565063), ('external', 0.3563654124736786)]"
149,while,0.24720004,"[('control', 0.45105695724487305), ('influence', 0.4169568121433258), ('external', 0.36575937271118164)]"
150,leverage,0.24698597,"[('diversification', 0.4351184070110321), ('influence', 0.3866446912288666), ('control', 0.3788166642189026)]"
151,contrast,0.2467602,"[('external', 0.3776996433734894), ('influence', 0.3623456358909607), ('control', 0.3618362545967102)]"
152,banks,0.24664411,"[('merger', 0.3916774094104767), ('resource_dependence', 0.33969125151634216), ('interlock', 0.33402585983276367)]"
153,create,0.24639937,"[('constrain', 0.4513835906982422), ('diversify', 0.382549524307251), ('external', 0.36976444721221924)]"
154,industries,0.24614154,"[('diversification', 0.49518129229545593), ('diversify', 0.386699378490448), ('resource_dependence', 0.3524840772151947)]"
155,managers,0.2459761,"[('control', 0.425271213054657), ('external', 0.39801374077796936), ('influence', 0.39718806743621826)]"
156,may,0.24595481,"[('influence', 0.4396423399448395), ('control', 0.4190139174461365), ('external', 0.39923954010009766)]"
157,common,0.24591017,"[('control', 0.3701634407043457), ('interdependent', 0.3391423523426056), ('horizontal', 0.32187721133232117)]"
158,either,0.24573596,"[('external', 0.3958456814289093), ('influence', 0.38495972752571106), ('control', 0.3810045123100281)]"
159,change,0.24572681,"[('control', 0.4570254981517792), ('influence', 0.44793373346328735), ('external', 0.3874775171279907)]"
160,uncertainty,0.24568173,"[('interdependence', 0.4550001323223114), ('control', 0.3894888758659363), ('influence', 0.3799392580986023)]"
161,conglomerates,0.24561292,"[('diversification', 0.4368046522140503), ('horizontal', 0.3994176685810089), ('merger', 0.3787314295768738)]"
162,transaction,0.24545048,"[('exchange', 0.5077078342437744), ('resource_dependence', 0.389945924282074), ('merger', 0.3728848099708557)]"
163,concentration,0.24532686,"[('diversification', 0.45591944456100464), ('dependence', 0.4115649461746216), ('vertical', 0.3585924208164215)]"
164,mergers_acquisitions,0.24532022,"[('merger', 0.6233460307121277), ('diversification', 0.4760550260543823), ('joint_venture', 0.44406598806381226)]"
165,group,0.24518862,"[('interdependence', 0.43341031670570374), ('influence', 0.4259454011917114), ('control', 0.41422373056411743)]"
166,partnerships,0.24509344,"[('joint_venture', 0.43963122367858887), ('cooperation', 0.4329199194908142), ('interdependence', 0.35346269607543945)]"
167,based,0.2446933,"[('control', 0.44416844844818115), ('influence', 0.3846316933631897), ('dependent', 0.3750445246696472)]"
168,opportunism,0.24467115,"[('cooperation', 0.4622482657432556), ('exchange', 0.38530027866363525), ('interdependence', 0.35160109400749207)]"
169,incentive,0.24449523,"[('control', 0.40120500326156616), ('cooperation', 0.3759027123451233), ('cooperate', 0.3730943202972412)]"
170,one,0.24441114,"[('control', 0.4170810580253601), ('influence', 0.35764312744140625), ('constraint', 0.3376079797744751)]"
171,related,0.2443945,"[('influence', 0.5347383618354797), ('control', 0.4401118755340576), ('diversification', 0.4285160303115845)]"
172,autonomous,0.2440481,"[('interdependent', 0.5226481556892395), ('interdependence', 0.38741618394851685), ('dependent', 0.35056671500205994)]"
173,expansion,0.2440299,"[('diversification', 0.5075915455818176), ('diversify', 0.43484288454055786), ('dominance', 0.34570008516311646)]"
174,company,0.24394277,"[('joint_venture', 0.45221635699272156), ('board_directors', 0.43811261653900146), ('merger', 0.403320848941803)]"
175,technological,0.24393897,"[('diversification', 0.44393423199653625), ('external', 0.3987826406955719), ('interdependence', 0.3687414824962616)]"
176,actors,0.2438673,"[('interdependent', 0.4338529706001282), ('exchange', 0.3894954323768616), ('cooperation', 0.3652714490890503)]"
177,environment,0.24354681,"[('external', 0.534977912902832), ('influence', 0.395676851272583), ('control', 0.3785961866378784)]"
178,reorganization,0.24348816,"[('merger', 0.4625610113143921), ('diversification', 0.35967692732810974), ('board_directors', 0.3525824546813965)]"
179,activity,0.24338341,"[('diversification', 0.3724598288536072), ('influence', 0.35074159502983093), ('cooperation', 0.31746232509613037)]"
180,some,0.24330693,"[('control', 0.44121623039245605), ('influence', 0.3980712890625), ('external', 0.33578550815582275)]"
181,creating,0.24329571,"[('external', 0.39464643597602844), ('cooperation', 0.372068852186203), ('interdependence', 0.3166826367378235)]"
182,core,0.24329025,"[('external', 0.37388741970062256), ('interdependent', 0.3383476734161377), ('interlocking', 0.3134363293647766)]"
183,moreover,0.24313137,"[('external', 0.40911898016929626), ('influence', 0.37896668910980225), ('constrain', 0.359934002161026)]"
184,companies,0.24306965,"[('joint_venture', 0.4230867624282837), ('board_directors', 0.37543922662734985), ('director_interlocks', 0.3751234710216522)]"
185,need,0.2429194,"[('external', 0.4205569624900818), ('control', 0.38480639457702637), ('interdependence', 0.3502742052078247)]"
186,addition,0.24265929,"[('influence', 0.4374633729457855), ('control', 0.4277154505252838), ('external', 0.3955770432949066)]"
187,structuring,0.24257347,"[('influence', 0.3919897675514221), ('interdependent', 0.34264183044433594), ('interdependence', 0.34130826592445374)]"
188,creation,0.24242033,"[('external', 0.37533992528915405), ('cooperation', 0.3562888205051422), ('interdependent', 0.3419327139854431)]"
189,global,0.24231793,"[('interdependence', 0.3941645324230194), ('external', 0.37941277027130127), ('interdependent', 0.3657662272453308)]"
190,focus,0.24208227,"[('influence', 0.4341963529586792), ('external', 0.3895140290260315), ('control', 0.3770213723182678)]"
191,financing,0.24202113,"[('diversification', 0.3947324752807617), ('external', 0.3877740800380707), ('diversify', 0.3799095153808594)]"
192,since,0.24199785,"[('control', 0.4046117067337036), ('constraint', 0.3905123472213745), ('influence', 0.3491290211677551)]"
193,top_managers,0.24179861,"[('board_directors', 0.477448433637619), ('resource_dependence', 0.385856568813324), ('external', 0.381836861371994)]"
194,restructure,0.2417599,"[('diversify', 0.518240749835968), ('merge', 0.3986959457397461), ('merger', 0.3603995442390442)]"
195,enterprise,0.24157883,"[('joint_venture', 0.3715677857398987), ('cooperation', 0.36986789107322693), ('board_directors', 0.3404039144515991)]"
196,contingencies,0.24152519,"[('interdependence', 0.3766803741455078), ('resource_dependence', 0.3656804859638214), ('external', 0.35913023352622986)]"
197,controls,0.24148363,"[('control', 0.6062574982643127), ('influence', 0.3486107587814331), ('external', 0.3434950113296509)]"
198,furthermore,0.24136174,"[('influence', 0.3688298463821411), ('external', 0.3626827299594879), ('constrain', 0.33127304911613464)]"
199,strong,0.24133068,"[('influence', 0.40162643790245056), ('external', 0.37174123525619507), ('cooperation', 0.35292208194732666)]"
200,development,0.2413203,"[('cooperation', 0.450618714094162), ('control', 0.37677744030952454), ('influence', 0.36925172805786133)]"
201,case,0.24119024,"[('control', 0.3710094690322876), ('constraint', 0.350879430770874), ('merger', 0.33017414808273315)]"
202,presence,0.24072196,"[('influence', 0.3700075149536133), ('dependence', 0.3593471944332123), ('interdependence', 0.3267662525177002)]"
203,arm_length,0.24064419,"[('exchange', 0.468977689743042), ('vertical', 0.402363121509552), ('horizontal', 0.36679524183273315)]"
204,autonomy,0.24052025,"[('interdependence', 0.4594593644142151), ('control', 0.45620983839035034), ('influence', 0.39679983258247375)]"
205,collusion,0.24045478,"[('cooperation', 0.4245394766330719), ('coalition', 0.3907397985458374), ('merger', 0.37463903427124023)]"
206,another,0.24025013,"[('influence', 0.3605087995529175), ('exchange', 0.3331049084663391), ('external', 0.3269955515861511)]"
207,resource_allocation,0.24023004,"[('vertical', 0.34928351640701294), ('constraint', 0.3436453342437744), ('diversification', 0.3422582149505615)]"
208,interlocking_directorships,0.2401928,"[('director_interlocks', 0.47808587551116943), ('interlock', 0.35136693716049194), ('resource_dependence', 0.3475596010684967)]"
209,hence,0.24017563,"[('constraint', 0.45596086978912354), ('dependent', 0.3466028869152069), ('external', 0.3269723653793335)]"
210,coordinating,0.240024,"[('interdependent', 0.45398426055908203), ('interdependence', 0.3938503861427307), ('cooperation', 0.3759395480155945)]"
211,view,0.23996146,"[('resource_dependence', 0.39634019136428833), ('interdependent', 0.3740221858024597), ('external', 0.3714642822742462)]"
212,rivalry,0.23994805,"[('cooperation', 0.44125157594680786), ('interdependence', 0.43443170189857483), ('diversification', 0.37556636333465576)]"
213,conglomerate,0.23994711,"[('diversification', 0.4815463423728943), ('merger', 0.4344632029533386), ('horizontal', 0.3630485236644745)]"
214,knowledge,0.23983803,"[('external', 0.3978419303894043), ('control', 0.3732041120529175), ('influence', 0.3598842918872833)]"
215,dominant,0.23961864,"[('dominance', 0.5475412607192993), ('influence', 0.32477089762687683), ('diversification', 0.31756895780563354)]"
216,hierarchies,0.23951963,"[('vertical', 0.4503931403160095), ('horizontal', 0.3994843363761902), ('dominance', 0.3910764157772064)]"
217,efficiency,0.23945029,"[('control', 0.393158882856369), ('diversification', 0.371535062789917), ('cooperation', 0.3468807637691498)]"
218,direct,0.23939545,"[('influence', 0.5067017078399658), ('external', 0.41503453254699707), ('control', 0.3914298415184021)]"
219,relationship_between,0.23910527,"[('influence', 0.6039879322052002), ('control', 0.4030774235725403), ('interdependence', 0.35729265213012695)]"
220,subsidiaries,0.23909692,"[('joint_venture', 0.5636917948722839), ('diversification', 0.42936819791793823), ('merger', 0.37127846479415894)]"
221,theory,0.23907499,"[('resource_dependence', 0.453287810087204), ('control', 0.41288188099861145), ('influence', 0.39873743057250977)]"
222,production,0.23904556,"[('control', 0.48086655139923096), ('exchange', 0.36595389246940613), ('vertical', 0.3432402014732361)]"
223,doz,0.23900555,"[('joint_venture', 0.47435104846954346), ('interdependence', 0.4456927180290222), ('cooperation', 0.40051186084747314)]"
224,decision_making,0.23900117,"[('influence', 0.4885077178478241), ('control', 0.4392659068107605), ('interdependence', 0.37062567472457886)]"
225,exchanges,0.23888505,"[('exchange', 0.6925866007804871), ('cooperation', 0.4575945734977722), ('interdependence', 0.36235249042510986)]"
226,businesses,0.23885797,"[('diversify', 0.4859796464443207), ('diversification', 0.4542703330516815), ('joint_venture', 0.36895522475242615)]"
227,affect,0.23882926,"[('influence', 0.7391201257705688), ('constrain', 0.41391992568969727), ('external', 0.3635607361793518)]"
228,asymmetric,0.23879926,"[('exchange', 0.3776218891143799), ('vertical', 0.36704105138778687), ('dependence', 0.3417091965675354)]"
229,specialization,0.2387326,"[('interdependence', 0.49786412715911865), ('diversification', 0.4513816833496094), ('horizontal', 0.3840845227241516)]"
230,value_creation,0.23862773,"[('diversification', 0.42371195554733276), ('joint_venture', 0.3963736593723297), ('interdependence', 0.38053369522094727)]"
231,boards,0.2385992,"[('board_directors', 0.6675413846969604), ('interlock', 0.44082945585250854), ('director_interlocks', 0.42977410554885864)]"
232,integrating,0.2385147,"[('interdependent', 0.4336862564086914), ('interdependence', 0.33697041869163513), ('vertical', 0.3136174976825714)]"
233,corporate_interlocks,0.23840432,"[('director_interlocks', 0.5106613636016846), ('interlock', 0.4649941027164459), ('resource_dependence', 0.41117793321609497)]"
234,executive,0.23840073,"[('board_directors', 0.5485013127326965), ('influence', 0.39134350419044495), ('merger', 0.3396987318992615)]"
235,economics,0.23828049,"[('diversification', 0.4084247350692749), ('control', 0.3451097905635834), ('resource_dependence', 0.3414936065673828)]"
236,parent,0.23805825,"[('joint_venture', 0.497175931930542), ('diversification', 0.3678373098373413), ('merger', 0.3529186248779297)]"
237,instance,0.23782226,"[('influence', 0.3591853380203247), ('constrain', 0.3086496591567993), ('external', 0.29985862970352173)]"
238,top_management,0.23764616,"[('board_directors', 0.5392392873764038), ('external', 0.4264342188835144), ('influence', 0.4003463387489319)]"
239,information_asymmetry,0.23753273,"[('diversification', 0.38205674290657043), ('cooperation', 0.33091479539871216), ('joint_venture', 0.32785022258758545)]"
240,key,0.23751023,"[('external', 0.42210596799850464), ('influence', 0.4070829153060913), ('control', 0.36810392141342163)]"
241,communication,0.23739873,"[('interdependence', 0.45087313652038574), ('cooperation', 0.435840904712677), ('influence', 0.40051770210266113)]"
242,transfer,0.23728696,"[('exchange', 0.391051322221756), ('cooperation', 0.35575732588768005), ('control', 0.3376638889312744)]"
243,bilateral,0.23704016,"[('exchange', 0.4840239882469177), ('cooperation', 0.4404444396495819), ('vertical', 0.4010847508907318)]"
244,action,0.23688906,"[('cooperation', 0.39958882331848145), ('external', 0.35609328746795654), ('influence', 0.34873682260513306)]"
245,mechanism,0.23672579,"[('control', 0.4150911569595337), ('influence', 0.350700706243515), ('external', 0.33372193574905396)]"
246,growth,0.23670511,"[('diversification', 0.48784303665161133), ('diversify', 0.3730934262275696), ('control', 0.35167673230171204)]"
247,strategically,0.23665628,"[('cooperate', 0.3764645755290985), ('constrain', 0.35359179973602295), ('diversify', 0.34595537185668945)]"
248,march,0.23664662,"[('control', 0.3795262575149536), ('influence', 0.34952449798583984), ('external', 0.3221907317638397)]"
249,level,0.23656371,"[('control', 0.4507870674133301), ('influence', 0.40974128246307373), ('interdependence', 0.3424157500267029)]"
250,decentralized,0.23651028,"[('vertical', 0.41424092650413513), ('horizontal', 0.40661942958831787), ('interdependent', 0.3889894187450409)]"
251,information,0.2364373,"[('control', 0.4463309645652771), ('influence', 0.4308446943759918), ('external', 0.4036285877227783)]"
252,systems,0.23635246,"[('control', 0.5027211904525757), ('interdependent', 0.3855433464050293), ('external', 0.36262238025665283)]"
253,dominate,0.23610233,"[('dominance', 0.5024893283843994), ('merge', 0.3938141167163849), ('constrain', 0.37904608249664307)]"
254,result,0.23607937,"[('influence', 0.3881317973136902), ('control', 0.37473469972610474), ('external', 0.3622075915336609)]"
255,logic,0.23601066,"[('interdependent', 0.36153075098991394), ('diversification', 0.3365841507911682), ('external', 0.32397162914276123)]"
256,others,0.23583905,"[('influence', 0.44631338119506836), ('external', 0.40415364503860474), ('interdependent', 0.3904954195022583)]"
257,potential,0.2357823,"[('influence', 0.4274936318397522), ('external', 0.38154366612434387), ('control', 0.3367246389389038)]"
258,evolution,0.23576957,"[('cooperation', 0.41366636753082275), ('interdependence', 0.37564945220947266), ('interdependent', 0.3438752293586731)]"
259,actions,0.23573363,"[('constrain', 0.41567370295524597), ('external', 0.380309522151947), ('influence', 0.3691689372062683)]"
260,develop,0.2357227,"[('diversify', 0.38573092222213745), ('influence', 0.37086114287376404), ('interdependent', 0.33209455013275146)]"
261,two,0.23570156,"[('control', 0.40389901399612427), ('influence', 0.3308591842651367), ('interdependence', 0.3200080096721649)]"
262,dynamic,0.23563866,"[('interdependent', 0.45586419105529785), ('control', 0.39845791459083557), ('interdependence', 0.3718640208244324)]"
263,govern,0.23559368,"[('constrain', 0.43644264340400696), ('external', 0.32831287384033203), ('board_directors', 0.32226550579071045)]"
264,integrated,0.23559004,"[('interdependent', 0.4965974986553192), ('interdependence', 0.37024322152137756), ('vertical', 0.3468184471130371)]"
265,impact,0.23551539,"[('influence', 0.7086001634597778), ('control', 0.43688493967056274), ('external', 0.3220973312854767)]"
266,headquarters,0.23538156,"[('board_directors', 0.3884497582912445), ('joint_venture', 0.3412736654281616), ('merger', 0.3307080566883087)]"
267,executives,0.23538148,"[('board_directors', 0.41212964057922363), ('director_interlocks', 0.3796980381011963), ('influence', 0.36523085832595825)]"
268,networking,0.23533033,"[('cooperation', 0.4330019950866699), ('influence', 0.3599793612957001), ('interdependence', 0.34570565819740295)]"
269,monitoring,0.23529765,"[('control', 0.4941430985927582), ('external', 0.3959169387817383), ('board_directors', 0.39243245124816895)]"
270,existence,0.23527497,"[('interdependent', 0.34223759174346924), ('interlocking', 0.32241860032081604), ('interdependence', 0.31215962767601013)]"
271,controlled,0.23501076,"[('control', 0.4800996780395508), ('influence', 0.40052950382232666), ('dependent', 0.37474262714385986)]"
272,venture,0.23492911,"[('joint_venture', 0.6819950342178345), ('diversification', 0.38944941759109497), ('influence', 0.33631253242492676)]"
273,critical,0.23477812,"[('external', 0.4344213604927063), ('influence', 0.4213026165962219), ('dependent', 0.3994327783584595)]"
274,facilitate,0.23462313,"[('constrain', 0.5043140649795532), ('cooperation', 0.3904821276664734), ('influence', 0.3709125220775604)]"
275,outside_directors,0.23450285,"[('board_directors', 0.6756483912467957), ('interlock', 0.4505673348903656), ('resource_dependence', 0.42702269554138184)]"
276,compete,0.2344459,"[('diversify', 0.4399641752243042), ('cooperate', 0.41731172800064087), ('merge', 0.34779423475265503)]"
277,extent,0.23424785,"[('influence', 0.5265197157859802), ('external', 0.38303735852241516), ('interdependence', 0.35238415002822876)]"
278,subsidiary,0.23417906,"[('joint_venture', 0.5266721844673157), ('diversification', 0.3936050832271576), ('merger', 0.36872023344039917)]"
279,collaborative,0.23416397,"[('cooperation', 0.48481646180152893), ('joint_venture', 0.40760481357574463), ('interdependence', 0.36482930183410645)]"
280,study,0.23414454,"[('influence', 0.4923912286758423), ('control', 0.45076683163642883), ('diversification', 0.3401080369949341)]"
281,profitable,0.2341185,"[('diversify', 0.4727017879486084), ('diversification', 0.41131895780563354), ('cooperate', 0.31610429286956787)]"
282,diversification_strategy,0.23406042,"[('diversification', 0.7526714205741882), ('diversify', 0.4387747049331665), ('merger', 0.38529258966445923)]"
283,specific,0.23401845,"[('influence', 0.427787721157074), ('external', 0.4272744059562683), ('control', 0.3800047039985657)]"
284,coordinated,0.23401296,"[('interdependent', 0.45944225788116455), ('interdependence', 0.38534390926361084), ('cooperation', 0.371636301279068)]"
285,similarly,0.23394924,"[('influence', 0.3529987037181854), ('external', 0.3369160294532776), ('constrain', 0.32953378558158875)]"
286,collaborations,0.23383401,"[('cooperation', 0.451424777507782), ('joint_venture', 0.4209668040275574), ('interdependence', 0.3420974016189575)]"
287,bank,0.23368946,"[('board_directors', 0.3960718512535095), ('merger', 0.39270272850990295), ('interlock', 0.3023691773414612)]"
288,internal_external,0.23363887,"[('external', 0.7404037117958069), ('control', 0.4104933738708496), ('influence', 0.35713058710098267)]"
289,suggests,0.23355983,"[('influence', 0.4438066780567169), ('external', 0.34334832429885864), ('control', 0.34203624725341797)]"
290,national,0.23342562,"[('cooperation', 0.37486428022384644), ('influence', 0.34061399102211), ('merged', 0.33349865674972534)]"
291,way,0.23338306,"[('influence', 0.38947805762290955), ('control', 0.37110158801078796), ('exchange', 0.3188583552837372)]"
292,rivals,0.2333505,"[('diversify', 0.3409382700920105), ('diversification', 0.3232068419456482), ('merger', 0.3188859820365906)]"
293,takeover,0.23324399,"[('merger', 0.5442570447921753), ('board_directors', 0.43591272830963135), ('diversification', 0.38103437423706055)]"
294,units,0.23321848,"[('interdependent', 0.3687255084514618), ('horizontal', 0.36829960346221924), ('control', 0.345531165599823)]"
295,mutual_forbearance,0.23321086,"[('cooperation', 0.38974881172180176), ('interdependence', 0.38164371252059937), ('cooperate', 0.3564874529838562)]"
296,links,0.23317948,"[('interlocking', 0.3655490279197693), ('influence', 0.3635660707950592), ('horizontal', 0.3567762076854706)]"
297,well,0.23303202,"[('influence', 0.420509934425354), ('control', 0.4013423025608063), ('external', 0.38182032108306885)]"
298,when,0.23299998,"[('control', 0.43182337284088135), ('external', 0.3589799404144287), ('influence', 0.3484445810317993)]"
299,have,0.23297109,"[('influence', 0.39475831389427185), ('control', 0.3726694583892822), ('external', 0.3056369125843048)]"
300,bargaining,0.23295173,"[('cooperation', 0.4469653367996216), ('exchange', 0.4428419768810272), ('cooperate', 0.3387925326824188)]"
301,finally,0.2329494,"[('influence', 0.4050035774707794), ('control', 0.40245360136032104), ('external', 0.3636174201965332)]"
302,regulatory_agencies,0.23294257,"[('external', 0.4236000180244446), ('resource_dependence', 0.3618199825286865), ('board_directors', 0.31438174843788147)]"
303,relatedness,0.23293951,"[('diversification', 0.5975826382637024), ('joint_venture', 0.3882392644882202), ('interdependence', 0.34633296728134155)]"
304,boundaries,0.23285846,"[('vertical', 0.36686015129089355), ('horizontal', 0.36280930042266846), ('interdependence', 0.3175668716430664)]"
305,increase,0.23282817,"[('influence', 0.4274049401283264), ('diversify', 0.38736385107040405), ('control', 0.33964407444000244)]"
306,acquiring_acquired,0.23276398,"[('merger', 0.5140813589096069), ('joint_venture', 0.3860880732536316), ('merged', 0.37570416927337646)]"
307,forces,0.23274438,"[('external', 0.4122491478919983), ('constrain', 0.39918252825737), ('influence', 0.38142186403274536)]"
308,upstream_downstream,0.2325472,"[('interdependence', 0.4222898781299591), ('vertical', 0.39318305253982544), ('interdependent', 0.3687993884086609)]"
309,institutional_environment,0.2325274,"[('external', 0.3588373363018036), ('resource_dependence', 0.34628310799598694), ('interdependence', 0.33352869749069214)]"
310,competitors,0.23241153,"[('external', 0.3837745785713196), ('joint_venture', 0.34515810012817383), ('diversify', 0.337544322013855)]"
311,sources,0.23230065,"[('external', 0.5046651363372803), ('influence', 0.40186211466789246), ('resource_dependence', 0.3297296166419983)]"
312,connections,0.23222362,"[('interlocking', 0.42485368251800537), ('horizontal', 0.3526732325553894), ('director_interlocks', 0.3279624581336975)]"
313,restructuring,0.23211192,"[('diversification', 0.45666801929473877), ('merger', 0.4289449155330658), ('diversify', 0.3377686142921448)]"
314,interests,0.23206082,"[('coalition', 0.3858814835548401), ('board_directors', 0.37561720609664917), ('cooperation', 0.33440661430358887)]"
315,regulatory,0.23205402,"[('external', 0.36590275168418884), ('control', 0.3623715341091156), ('constrain', 0.3345034718513489)]"
316,complex,0.23188461,"[('interdependent', 0.5457534790039062), ('interdependence', 0.4145514965057373), ('interlocking', 0.3407447338104248)]"
317,second,0.23177516,"[('control', 0.412997305393219), ('constraint', 0.3841264843940735), ('influence', 0.3714948296546936)]"
318,agreements,0.23147541,"[('cooperation', 0.5019996166229248), ('exchange', 0.4523494243621826), ('joint_venture', 0.39733177423477173)]"
319,various,0.2312665,"[('influence', 0.4253482222557068), ('control', 0.34230682253837585), ('external', 0.3370170593261719)]"
320,further,0.23125675,"[('influence', 0.3784855008125305), ('external', 0.3393803536891937), ('control', 0.33669838309288025)]"
321,merger_acquisition,0.23122403,"[('merger', 0.6092756986618042), ('joint_venture', 0.4069245457649231), ('diversification', 0.38011258840560913)]"
322,amp,0.231072,"[('influence', 0.40265724062919617), ('control', 0.3782023787498474), ('diversification', 0.34159544110298157)]"
323,analysis,0.23103352,"[('control', 0.4469726085662842), ('influence', 0.40639299154281616), ('diversification', 0.3457668423652649)]"
324,cooperating,0.23098958,"[('cooperate', 0.6432318687438965), ('cooperation', 0.5911428928375244), ('interdependent', 0.38206449151039124)]"
325,establishment,0.2309797,"[('merger', 0.3530426025390625), ('merged', 0.33681508898735046), ('board_directors', 0.3210825026035309)]"
326,central,0.23089044,"[('control', 0.3395959436893463), ('influence', 0.3302344083786011), ('external', 0.3245347738265991)]"
327,trade,0.23088294,"[('exchange', 0.4300394654273987), ('cooperation', 0.34822505712509155), ('dependence', 0.32540053129196167)]"
328,from,0.23084152,"[('control', 0.39173516631126404), ('external', 0.3336871564388275), ('influence', 0.3027375638484955)]"
329,behavior,0.23067588,"[('influence', 0.4834548234939575), ('control', 0.4195557236671448), ('cooperation', 0.4152268171310425)]"
330,greater,0.23063578,"[('influence', 0.401708722114563), ('external', 0.37341365218162537), ('control', 0.34880584478378296)]"
331,knowledge_sharing,0.23043212,"[('cooperation', 0.5141921043395996), ('interdependence', 0.407473087310791), ('horizontal', 0.3452707529067993)]"
332,management,0.23042335,"[('control', 0.5047121644020081), ('joint_venture', 0.3626868724822998), ('influence', 0.36106303334236145)]"
333,affiliates,0.2302213,"[('joint_venture', 0.4611108899116516), ('merged', 0.4003075957298279), ('diversify', 0.3651195168495178)]"
334,can,0.23021191,"[('control', 0.3879203796386719), ('external', 0.35157841444015503), ('influence', 0.3446319103240967)]"
335,issue,0.23020916,"[('influence', 0.4025591015815735), ('control', 0.33727315068244934), ('exchange', 0.3316822052001953)]"
336,trust,0.23012158,"[('cooperation', 0.5596880912780762), ('exchange', 0.4742891788482666), ('interdependence', 0.4232415556907654)]"
337,competitiveness,0.23002747,"[('cooperation', 0.4125671088695526), ('dominance', 0.3588336706161499), ('interdependence', 0.3347022831439972)]"
338,cross_border,0.22997987,"[('merger', 0.4479525089263916), ('joint_venture', 0.4464982748031616), ('vertical', 0.39012205600738525)]"
339,process,0.22985448,"[('control', 0.4926476776599884), ('influence', 0.41749951243400574), ('external', 0.38897940516471863)]"
340,divisional,0.22981803,"[('vertical', 0.4486673176288605), ('horizontal', 0.445517361164093), ('board_directors', 0.41899988055229187)]"
341,hypothesis,0.22971572,"[('influence', 0.4568324685096741), ('control', 0.3639793395996094), ('resource_dependence', 0.3310031592845917)]"
342,same,0.2297066,"[('control', 0.36071860790252686), ('constraint', 0.3519209623336792), ('influence', 0.3336658477783203)]"
343,determinants,0.22970456,"[('influence', 0.5499213933944702), ('control', 0.3485627770423889), ('joint_venture', 0.333961546421051)]"
344,exploit,0.2296703,"[('diversify', 0.48364466428756714), ('constrain', 0.3762839436531067), ('cooperate', 0.36231082677841187)]"
345,shareholders,0.2296403,"[('board_directors', 0.6305394768714905), ('merger', 0.3807157874107361), ('diversification', 0.36485812067985535)]"
346,manufacturing,0.2296376,"[('diversification', 0.41712504625320435), ('control', 0.4042491912841797), ('joint_venture', 0.37392109632492065)]"
347,cartels,0.2296181,"[('cooperation', 0.3637336492538452), ('merger', 0.3485940992832184), ('vertical', 0.3477270305156708)]"
348,board_independence,0.22948673,"[('board_directors', 0.4634413719177246), ('director_interlocks', 0.388303279876709), ('resource_dependence', 0.3871527910232544)]"
349,hierarchical,0.22930579,"[('vertical', 0.5140860080718994), ('horizontal', 0.44909948110580444), ('control', 0.3883054852485657)]"
350,suppliers_buyers,0.22926892,"[('vertical', 0.3983968496322632), ('horizontal', 0.3573682904243469), ('dependence', 0.3472897410392761)]"
351,multiple,0.22917874,"[('interdependent', 0.4218238890171051), ('interdependence', 0.33227109909057617), ('external', 0.33077043294906616)]"
352,different,0.22902915,"[('influence', 0.3884113132953644), ('interdependent', 0.3692396283149719), ('control', 0.3462774157524109)]"
353,horizontal_vertical,0.22900546,"[('horizontal', 0.6171028017997742), ('vertical', 0.5930615663528442), ('interdependence', 0.3156932592391968)]"
354,spin_offs,0.22898917,"[('merger', 0.37335604429244995), ('board_directors', 0.34208232164382935), ('control', 0.33045175671577454)]"
355,rather_than,0.22895657,"[('external', 0.39562129974365234), ('influence', 0.3583456575870514), ('interdependent', 0.34384357929229736)]"
356,effectively,0.22887783,"[('diversify', 0.3802066445350647), ('constrain', 0.35760125517845154), ('control', 0.3353016972541809)]"
357,directors,0.22885379,"[('board_directors', 0.704231858253479), ('director_interlocks', 0.4154786467552185), ('interlock', 0.40022969245910645)]"
358,characteristics,0.22885112,"[('influence', 0.5742217302322388), ('control', 0.4289248287677765), ('external', 0.38467979431152344)]"
359,diversified_firms,0.2288308,"[('diversification', 0.6837456226348877), ('diversify', 0.4654744565486908), ('merger', 0.3500096797943115)]"
360,vice_versa,0.22881472,"[('influence', 0.3408329486846924), ('interdependent', 0.3404027223587036), ('dependence', 0.32857996225357056)]"
361,only,0.22881056,"[('control', 0.4221944212913513), ('external', 0.3551974594593048), ('influence', 0.3469991087913513)]"
362,use,0.2287228,"[('control', 0.47869810461997986), ('influence', 0.43317919969558716), ('exchange', 0.3510933518409729)]"
363,contractual,0.22869876,"[('cooperation', 0.43307095766067505), ('exchange', 0.41602444648742676), ('joint_venture', 0.366555780172348)]"
364,buyer_supplier,0.22868791,"[('vertical', 0.383414626121521), ('joint_venture', 0.38030341267585754), ('cooperation', 0.35910892486572266)]"
365,entities,0.22866002,"[('interdependent', 0.4065970182418823), ('external', 0.3535471558570862), ('merge', 0.34957820177078247)]"
366,limited,0.22859134,"[('dependent', 0.36839133501052856), ('influence', 0.36528801918029785), ('constrain', 0.3642385005950928)]"
367,governing,0.22840996,"[('interdependent', 0.3513636589050293), ('control', 0.3428023159503937), ('constrain', 0.3389705717563629)]"
368,large_corporations,0.22839853,"[('director_interlocks', 0.43246495723724365), ('board_directors', 0.42242431640625), ('interlock', 0.37801873683929443)]"
369,likely,0.22835591,"[('influence', 0.43996432423591614), ('external', 0.38770174980163574), ('interdependent', 0.33880341053009033)]"
370,learning,0.22832026,"[('cooperation', 0.48042958974838257), ('interdependence', 0.41892939805984497), ('control', 0.3560017943382263)]"
371,synergy,0.22830175,"[('diversification', 0.4910867214202881), ('merger', 0.4068090319633484), ('interdependence', 0.3238207697868347)]"
372,under,0.22829704,"[('control', 0.45424386858940125), ('constraint', 0.3645046055316925), ('influence', 0.35258275270462036)]"
373,perspectives,0.22827113,"[('resource_dependence', 0.3396267890930176), ('influence', 0.33468902111053467), ('cooperation', 0.33271220326423645)]"
374,suppliers,0.2280636,"[('external', 0.379146933555603), ('exchange', 0.33088555932044983), ('vertical', 0.32440412044525146)]"
375,organizational_fields,0.2280447,"[('resource_dependence', 0.3692944645881653), ('external', 0.36451107263565063), ('influence', 0.3220413625240326)]"
376,authority,0.22771838,"[('control', 0.41145846247673035), ('influence', 0.37188029289245605), ('vertical', 0.3623483180999756)]"
377,possible,0.22763115,"[('influence', 0.3627444803714752), ('control', 0.3583793044090271), ('constrain', 0.2945508360862732)]"
378,managerial_discretion,0.22759895,"[('diversification', 0.39078325033187866), ('control', 0.3892569839954376), ('resource_dependence', 0.38149744272232056)]"
379,divisions,0.2275728,"[('horizontal', 0.43713071942329407), ('vertical', 0.4137152433395386), ('diversification', 0.3417438864707947)]"
380,interactions,0.2272789,"[('interdependence', 0.4530489444732666), ('interdependent', 0.408613920211792), ('cooperation', 0.3995777368545532)]"
381,indeed,0.22726403,"[('influence', 0.31727197766304016), ('interdependent', 0.289773553609848), ('external', 0.28531622886657715)]"
382,role,0.22725715,"[('influence', 0.5242690443992615), ('control', 0.41252100467681885), ('external', 0.3793043792247772)]"
383,assets,0.22721781,"[('diversification', 0.4441220462322235), ('joint_venture', 0.3607676029205322), ('diversify', 0.3381885886192322)]"
384,government,0.22720422,"[('external', 0.3760019540786743), ('coalition', 0.3366493582725525), ('influence', 0.3331732153892517)]"
385,equity_holdings,0.22720064,"[('joint_venture', 0.5006372928619385), ('board_directors', 0.40667158365249634), ('control', 0.32320481538772583)]"
386,support,0.22719228,"[('influence', 0.4738430976867676), ('control', 0.41686758399009705), ('cooperation', 0.34873560070991516)]"
387,mutual_dependence,0.22717255,"[('interdependence', 0.5223347544670105), ('cooperation', 0.44926929473876953), ('interdependent', 0.41323617100715637)]"
388,consolidate,0.22708467,"[('merge', 0.43838292360305786), ('diversify', 0.3643629252910614), ('merged', 0.3325697183609009)]"
389,argued,0.22697245,"[('influence', 0.3592778444290161), ('interdependent', 0.32522517442703247), ('external', 0.3184903860092163)]"
390,so,0.22696587,"[('control', 0.37494349479675293), ('constraint', 0.3330962657928467), ('influence', 0.33181989192962646)]"
391,debt_equity,0.2269495,"[('diversification', 0.4781695306301117), ('merger', 0.38719499111175537), ('board_directors', 0.3574650287628174)]"
392,alternative,0.22684123,"[('influence', 0.35018521547317505), ('control', 0.33155447244644165), ('constraint', 0.31765908002853394)]"
393,trade_associations,0.22681978,"[('director_interlocks', 0.3548364043235779), ('cooperation', 0.35269129276275635), ('external', 0.340134859085083)]"
394,effective,0.22674625,"[('control', 0.43692517280578613), ('influence', 0.42192915081977844), ('external', 0.39222073554992676)]"
395,domestic,0.22669731,"[('joint_venture', 0.4249250292778015), ('exchange', 0.33779385685920715), ('external', 0.3318691849708557)]"
396,long_term,0.22669528,"[('exchange', 0.3778951168060303), ('external', 0.3487882614135742), ('cooperation', 0.34034520387649536)]"
397,where,0.22649373,"[('constraint', 0.41027355194091797), ('control', 0.3895825147628784), ('influence', 0.30903780460357666)]"
398,differentiation,0.22613688,"[('interdependence', 0.468647301197052), ('vertical', 0.39915668964385986), ('diversification', 0.38360047340393066)]"
399,existing,0.22613114,"[('diversify', 0.3963414132595062), ('external', 0.38335543870925903), ('constrain', 0.3497236967086792)]"
400,dependency,0.22604913,"[('dependence', 0.7510668039321899), ('dependent', 0.522681713104248), ('interdependence', 0.38803765177726746)]"
401,directorship_interlocks,0.22593357,"[('director_interlocks', 0.4910735487937927), ('interlock', 0.36441248655319214), ('interlocking', 0.363631010055542)]"
402,relative,0.2259161,"[('influence', 0.45129838585853577), ('diversification', 0.3438957929611206), ('control', 0.3392261266708374)]"
403,emerging,0.22583579,"[('interdependence', 0.33039581775665283), ('external', 0.31179079413414), ('dominance', 0.3088354468345642)]"
404,strategic_management,0.22582826,"[('diversification', 0.4504407048225403), ('joint_venture', 0.36167091131210327), ('resource_dependence', 0.3379422426223755)]"
405,flow,0.22570165,"[('constraint', 0.4035070538520813), ('vertical', 0.36891788244247437), ('horizontal', 0.3659225106239319)]"
406,economize_transaction,0.22559962,"[('exchange', 0.33310821652412415), ('resource_dependence', 0.32683029770851135), ('vertical', 0.3174092769622803)]"
407,knowledge_transfer,0.22554545,"[('cooperation', 0.41764140129089355), ('joint_venture', 0.40389344096183777), ('interdependence', 0.3409411609172821)]"
408,how,0.22552206,"[('influence', 0.45109081268310547), ('control', 0.35583218932151794), ('external', 0.34147146344184875)]"
409,acquiring_firm,0.22546801,"[('merger', 0.5720695853233337), ('diversification', 0.44837796688079834), ('joint_venture', 0.37668493390083313)]"
410,regional,0.22546205,"[('cooperation', 0.3677447736263275), ('vertical', 0.29886990785598755), ('merger', 0.2922731339931488)]"
411,governmental,0.22544299,"[('external', 0.3670419454574585), ('coalition', 0.348878413438797), ('director_interlocks', 0.3256292939186096)]"
412,own,0.22543773,"[('influence', 0.43992769718170166), ('external', 0.39865636825561523), ('control', 0.3590545058250427)]"
413,share,0.2252071,"[('influence', 0.3401797413825989), ('diversify', 0.3277817368507385), ('joint_venture', 0.3113177418708801)]"
414,factors,0.22519484,"[('influence', 0.546655535697937), ('external', 0.4273504912853241), ('control', 0.37465083599090576)]"
415,expertise,0.22515595,"[('influence', 0.36186134815216064), ('external', 0.35364848375320435), ('diversify', 0.3321263790130615)]"
416,dominated,0.22513618,"[('dominance', 0.5110871195793152), ('merge', 0.3340752124786377), ('dependent', 0.32972782850265503)]"
417,access,0.22513181,"[('exchange', 0.3697982430458069), ('influence', 0.3500368595123291), ('external', 0.34474632143974304)]"
418,competitive_pressures,0.22509828,"[('external', 0.3579665422439575), ('diversify', 0.354989230632782), ('interdependence', 0.32127630710601807)]"
419,influencing,0.22505917,"[('influence', 0.6665457487106323), ('constrain', 0.45030826330184937), ('external', 0.3817184865474701)]"
420,patterns,0.2249864,"[('influence', 0.3837449550628662), ('interdependence', 0.3525297939777374), ('constrain', 0.32606250047683716)]"
421,private,0.22489831,"[('cooperation', 0.341351181268692), ('external', 0.3321273922920227), ('joint_venture', 0.29439085721969604)]"
422,decisions,0.22487389,"[('influence', 0.4624958038330078), ('control', 0.39812228083610535), ('interdependent', 0.3475964069366455)]"
423,constraints,0.22486486,"[('constraint', 0.7894608974456787), ('constrain', 0.5309653878211975), ('external', 0.3557490110397339)]"
424,strength,0.22483559,"[('influence', 0.42966920137405396), ('dependence', 0.33917438983917236), ('interdependence', 0.3130075931549072)]"
425,stock_ownership,0.22482544,"[('board_directors', 0.539876401424408), ('interlock', 0.40513285994529724), ('diversification', 0.37011051177978516)]"
426,associated,0.22473161,"[('influence', 0.4741209149360657), ('control', 0.41299551725387573), ('external', 0.3332785964012146)]"
427,operation,0.22472268,"[('joint_venture', 0.3892790377140045), ('control', 0.3820401430130005), ('exchange', 0.2786371111869812)]"
428,changes,0.22469749,"[('influence', 0.42925623059272766), ('control', 0.40015316009521484), ('external', 0.36784911155700684)]"
429,approach,0.22450107,"[('control', 0.4092631936073303), ('influence', 0.35859161615371704), ('interdependent', 0.3181341886520386)]"
430,important,0.2244882,"[('influence', 0.469487726688385), ('external', 0.3835401237010956), ('control', 0.36340656876564026)]"
431,technology_transfer,0.22436857,"[('joint_venture', 0.4697059690952301), ('cooperation', 0.4205584228038788), ('exchange', 0.3305962085723877)]"
432,organizing,0.22426799,"[('cooperation', 0.35850608348846436), ('interdependence', 0.3392069637775421), ('coalition', 0.32879209518432617)]"
433,interlock_network,0.22422278,"[('director_interlocks', 0.4697774052619934), ('interlock', 0.4652482271194458), ('interlocking', 0.4133960008621216)]"
434,commercial_banks,0.22422095,"[('merger', 0.3662853240966797), ('interlocking', 0.3572024405002594), ('director_interlocks', 0.3515909016132355)]"
435,top_executives,0.22416522,"[('board_directors', 0.45545342564582825), ('resource_dependence', 0.3621197044849396), ('director_interlocks', 0.3549272418022156)]"
436,created,0.22408088,"[('merged', 0.3898245692253113), ('external', 0.3323292136192322), ('horizontal', 0.29607468843460083)]"
437,collective,0.22407596,"[('cooperation', 0.4182116389274597), ('interdependent', 0.4081018269062042), ('interdependence', 0.40173274278640747)]"
438,itself,0.22403748,"[('external', 0.420562744140625), ('interdependent', 0.32925310730934143), ('influence', 0.3055807948112488)]"
439,competitive_advantage,0.2240261,"[('diversification', 0.38305357098579407), ('external', 0.35133710503578186), ('resource_dependence', 0.3374782204627991)]"
440,other_hand,0.22396508,"[('external', 0.40538400411605835), ('control', 0.30474939942359924), ('influence', 0.3037126660346985)]"
441,economies_scale,0.22392711,"[('diversification', 0.40827107429504395), ('diversify', 0.33819156885147095), ('interdependence', 0.33331435918807983)]"
442,banking,0.22386943,"[('merger', 0.3641600012779236), ('diversification', 0.32069718837738037), ('exchange', 0.31434664130210876)]"
443,weak,0.2237359,"[('external', 0.31821122765541077), ('dependence', 0.3094058632850647), ('dependent', 0.3006637990474701)]"
444,major,0.22372827,"[('external', 0.3689940869808197), ('influence', 0.32836538553237915), ('control', 0.3193175196647644)]"
445,social_networks,0.22372703,"[('exchange', 0.3547661304473877), ('influence', 0.3528580069541931), ('cooperation', 0.31597962975502014)]"
446,extension,0.22364113,"[('vertical', 0.39369261264801025), ('horizontal', 0.38818415999412537), ('dependence', 0.3260601758956909)]"
447,value_chain,0.22363177,"[('vertical', 0.48713845014572144), ('horizontal', 0.4334498643875122), ('interdependent', 0.38689184188842773)]"
448,constrained,0.22352408,"[('constraint', 0.5486025810241699), ('constrain', 0.5258310437202454), ('dependent', 0.3719909191131592)]"
449,benefits,0.22345944,"[('influence', 0.36705681681632996), ('cooperation', 0.35986506938934326), ('exchange', 0.3442835807800293)]"
450,diversifying,0.22343734,"[('diversify', 0.6150351166725159), ('diversification', 0.5683162212371826), ('merger', 0.33579021692276)]"
451,investments,0.2234368,"[('diversify', 0.3833504021167755), ('exchange', 0.3641919493675232), ('diversification', 0.36124187707901)]"
452,emergence,0.22343466,"[('interdependence', 0.38116371631622314), ('cooperation', 0.3557600975036621), ('dominance', 0.33590245246887207)]"
453,division,0.22340292,"[('horizontal', 0.36429423093795776), ('vertical', 0.36060187220573425), ('board_directors', 0.32908254861831665)]"
454,acquire,0.22334231,"[('diversify', 0.4233521819114685), ('merge', 0.3671019673347473), ('influence', 0.35374873876571655)]"
455,communications,0.22330175,"[('cooperation', 0.35923635959625244), ('control', 0.3396812081336975), ('interdependence', 0.3396717309951782)]"
456,coordination_mechanisms,0.22329849,"[('interdependence', 0.39933550357818604), ('interdependent', 0.358365923166275), ('vertical', 0.3482929468154907)]"
457,efficient,0.22327426,"[('control', 0.3682040870189667), ('constraint', 0.3537867069244385), ('horizontal', 0.30966126918792725)]"
458,allocate_resources,0.22325596,"[('diversify', 0.40545058250427246), ('interdependent', 0.35467106103897095), ('cooperate', 0.3444737195968628)]"
459,divestiture,0.22325096,"[('merger', 0.5455548763275146), ('diversification', 0.4426233768463135), ('joint_venture', 0.39337053894996643)]"
460,highly_diversified,0.22321792,"[('diversification', 0.5354242920875549), ('diversify', 0.47270745038986206), ('vertical', 0.3647368550300598)]"
461,takeovers,0.22321638,"[('merger', 0.48777785897254944), ('diversification', 0.40355798602104187), ('board_directors', 0.379849910736084)]"
462,co_operation,0.22314268,"[('cooperation', 0.6632628440856934), ('interdependence', 0.3807564675807953), ('cooperate', 0.3535710275173187)]"
463,small,0.22311176,"[('influence', 0.2984081506729126), ('control', 0.29662978649139404), ('dependent', 0.29289135336875916)]"
464,value,0.223088,"[('control', 0.37829825282096863), ('constraint', 0.3601871728897095), ('influence', 0.35167643427848816)]"
465,centralized,0.22295587,"[('control', 0.37707647681236267), ('vertical', 0.37154221534729004), ('horizontal', 0.3482334315776825)]"
466,suggest,0.22287,"[('influence', 0.4386560022830963), ('constrain', 0.3606780767440796), ('external', 0.3355780839920044)]"
467,focal_firm,0.2228506,"[('interlock', 0.5008914470672607), ('director_interlocks', 0.402794748544693), ('resource_dependence', 0.3422270715236664)]"
468,equity,0.22279419,"[('exchange', 0.41876792907714844), ('joint_venture', 0.38413679599761963), ('control', 0.3531947135925293)]"
469,relational,0.22279197,"[('interdependence', 0.4484400749206543), ('interdependent', 0.4139402508735657), ('exchange', 0.4075467586517334)]"
470,types,0.2227271,"[('influence', 0.35998526215553284), ('vertical', 0.3352504074573517), ('interdependent', 0.33267974853515625)]"
471,shared,0.22272685,"[('interdependence', 0.385944128036499), ('interdependent', 0.38532912731170654), ('cooperation', 0.35798558592796326)]"
472,system,0.22264302,"[('control', 0.492072731256485), ('external', 0.3416651487350464), ('interdependent', 0.3187521994113922)]"
473,stockholders,0.22260958,"[('board_directors', 0.5657228231430054), ('merger', 0.37605416774749756), ('control', 0.3016396760940552)]"
474,interact,0.22255297,"[('influence', 0.46367329359054565), ('interdependent', 0.46186742186546326), ('constrain', 0.41857394576072693)]"
475,markets_hierarchies,0.22252192,"[('resource_dependence', 0.4370206594467163), ('vertical', 0.3662145137786865), ('interdependence', 0.3601527810096741)]"
476,general,0.22244221,"[('control', 0.4274582266807556), ('influence', 0.3812084197998047), ('external', 0.3583482503890991)]"
477,promote,0.22241439,"[('constrain', 0.47993993759155273), ('cooperation', 0.4101238250732422), ('influence', 0.3681948184967041)]"
478,controlling,0.22237647,"[('control', 0.4951973557472229), ('influence', 0.4278908371925354), ('external', 0.32066184282302856)]"
479,regulation,0.22237305,"[('control', 0.419666051864624), ('cooperation', 0.3388540744781494), ('external', 0.29533013701438904)]"
480,ventures,0.22230254,"[('joint_venture', 0.5622427463531494), ('diversification', 0.4439418613910675), ('diversify', 0.37590932846069336)]"
481,even,0.22221968,"[('control', 0.32954150438308716), ('influence', 0.3234257102012634), ('diversify', 0.30376508831977844)]"
482,model,0.22217563,"[('control', 0.47421759366989136), ('influence', 0.3847527503967285), ('constraint', 0.36787909269332886)]"
483,monopoly,0.22207364,"[('dominance', 0.4290347099304199), ('vertical', 0.3340480923652649), ('coalition', 0.3235314190387726)]"
484,collaborate,0.2220556,"[('cooperate', 0.5917776823043823), ('cooperation', 0.44201886653900146), ('interdependent', 0.36432120203971863)]"
485,porter,0.22205351,"[('diversification', 0.3839082717895508), ('vertical', 0.36035433411598206), ('resource_dependence', 0.3474254012107849)]"
486,do,0.22196671,"[('control', 0.4082844853401184), ('influence', 0.4016503691673279), ('external', 0.34249383211135864)]"
487,commitment,0.2219006,"[('cooperation', 0.40623581409454346), ('interdependence', 0.3963909149169922), ('exchange', 0.39364275336265564)]"
488,freeman,0.22188035,"[('dependence', 0.3934950828552246), ('resource_dependence', 0.3704295754432678), ('interdependence', 0.32057347893714905)]"
489,sourcing,0.22188027,"[('joint_venture', 0.38396862149238586), ('external', 0.3681662678718567), ('vertical', 0.36653459072113037)]"
490,pressures,0.22186038,"[('external', 0.43826067447662354), ('constrain', 0.3681511878967285), ('influence', 0.3349182605743408)]"
491,forms,0.22183016,"[('horizontal', 0.3497474789619446), ('exchange', 0.34495824575424194), ('vertical', 0.33392560482025146)]"
492,relation,0.2217509,"[('influence', 0.400927871465683), ('dependence', 0.39443182945251465), ('exchange', 0.36141544580459595)]"
493,tie,0.2217423,"[('interlock', 0.3569798171520233), ('director_interlocks', 0.35323870182037354), ('exchange', 0.31860965490341187)]"
494,discussed_above,0.22170343,"[('influence', 0.3500730097293854), ('external', 0.324420690536499), ('diversification', 0.29004743695259094)]"
495,conflict,0.22169346,"[('interdependence', 0.48100244998931885), ('cooperation', 0.4573242664337158), ('influence', 0.36355578899383545)]"
496,formed,0.22168611,"[('merged', 0.47446560859680176), ('coalition', 0.3876599073410034), ('merge', 0.3169640302658081)]"
497,benefit,0.22168186,"[('influence', 0.3596194386482239), ('cooperate', 0.33400917053222656), ('cooperation', 0.3103610873222351)]"
498,unrelated_diversification,0.22166893,"[('diversification', 0.768460214138031), ('diversify', 0.5149112343788147), ('vertical', 0.3458935618400574)]"
499,managed,0.22162162,"[('control', 0.34553956985473633), ('board_directors', 0.3360394835472107), ('merge', 0.30457964539527893)]"
